"","DonorID","Period","Regions","Sex","`Age (Numeric)`","RIN","pH","`PMI (hours)`","`Dissection Score`","`Proportion of Neurons (MultiBrain)`","`Proportion of Astrocytes (MultiBrain)`","`Proportion of Oligodendrocytes (MultiBrain)`","`Proportion of Endothelia (MultiBrain)`","Residuals"
"ENSG00000176971",0.092156995465648,0.12143562760228,0.0543495204824566,5.94417474622544e-10,0.00891403009994707,0.000555514198745678,0.000396946425155253,0.00598495730546223,1.10312255953975e-06,0.30525379751873,0.0107794654918113,0.0571691576861526,0.0861938499912825,0.256809034015352
"ENSG00000102362",0.241484953152902,0,0.0874281375790017,1.31345682043654e-10,0.0719603579297269,0.000167726375026728,0.0210545084038277,0.0205357113988508,0.000490202466301944,0.24287345426186,0.167262313750145,0.00235493619116576,0.00176996467345396,0.142617733686391
"ENSG00000214549",0.426039033459767,0,0,2.39638877814373e-11,0.0004194440688712,1.4183295983777e-05,0.000871969551198241,8.01603201629291e-05,1.85590889087243e-05,0.056804218304719,0.033263643432681,0.012656117310195,0.0328300476647358,0.437002623478813
"ENSG00000143140",0.212080636212474,0,0.0137315026992831,9.7851511191981e-13,0.00137392922194803,0.000690126089180231,0.000923181846616258,0.00228531502128993,5.4314704800644e-05,0.122962966512093,0.089766557438834,0.0460935366988355,0.0880468729583428,0.421991060595323
"ENSG00000178718",0.129983234878245,0,0.22431927203585,1.0649736389256e-12,6.33582792195707e-06,2.72166161923886e-07,0.000104130975970785,0.000208903744979252,8.54465264547133e-05,0.152711296939605,0.0446274072311793,0.0281766214081468,0.0452565453297952,0.374520532934626
"ENSG00000177303",0.128727506171504,0,0,3.20319890970356e-11,0.0104261716325735,0.0126153477905027,0.0103502971274611,0.0448488851147812,0.000168134465115725,0.506279939922059,0.0690065487993306,0.000967918539393192,0.00513693610836206,0.211472314296885
"ENSG00000130414",0.294480240163437,0,0.171476309499079,4.44888864233e-10,0.0296759810470953,0.000597529581312547,0.00210769115941994,0.00110498971677854,0.000761665531766079,0.202930798322219,0.029299119538374,0.026620515178452,0.0294109687267238,0.211534191090453
"ENSG00000095319",0.113122516073864,0.43481837487753,0.154168913165833,9.39355325982203e-12,0.00182357584588298,0.000602556943999388,0.000256158049542727,0.00326448722214081,2.00223133932682e-05,0.0883041537871596,0.0283491311928181,0.0153694048671112,0.018354991244009,0.141545714407323
"ENSG00000198478",0.140820141502857,0.236254770457468,0.0575737353988661,4.40485311587348e-14,0.0188171218824076,8.98244283545492e-06,1.042737042801e-05,0.00781362502164428,1.43776493891839e-08,0.147412948365928,0.103026652932645,0.0636380513233728,0.0718238079215013,0.152799721002353
"ENSG00000080371",0.575153445563677,3.86619652549256e-10,0.0255769704689525,9.68039560673946e-11,0.000713856653624451,1.16176380902116e-06,0.000797670094135186,0.000360344958832975,4.1985892762667e-07,0.070053496418567,0.0160146331765035,0.00917952497571036,0.0258225800576923,0.276325895526144
"ENSG00000212747",0.218418729737888,0.407320133377655,0.0267340809225251,1.10457684916135e-11,0.00291746729835101,0.0114137091776036,0.0145585224993842,0.0820064205549348,0.00116353989746485,0.057768663759522,0.0101383579520403,0.000415614302473797,0.00528425030308932,0.161860510206022
"ENSG00000148848",0.304797558683148,5.75530858243508e-09,0.0790931571904217,2.91345702828637e-09,0.00294530703154903,0.000347198222484806,0.00289843780128804,5.32915074750409e-05,0.000343556522124398,0.138411101947038,0.0457594121221493,0.0208159967891678,0.0186819180181487,0.385853055496239
"ENSG00000158161",0.227733635979462,0.18494377413341,0.127294678056187,2.01905202320447e-09,0.00308754882203643,0.000713218069624938,0.000498979863524634,0.000130070756084232,2.81430128805281e-09,0.101148343842544,0.0379119137467884,0.0228113838828588,0.0205753487296237,0.273151099284502
"ENSG00000005810",0.163588964685096,1.08319162112427e-10,0,4.58569531355127e-12,0.129339686586599,0.0145761285653371,0.000319763303399515,0.0384947861632287,0.000210907739564879,0.128305501374986,0.000235694135324864,6.11954877275323e-05,0.345157622645724,0.179709749200108
"ENSG00000003249",0.210928801986699,0,0,1.06717258695776e-12,0.00255388203258031,0.000411068463834757,0.00017647471978938,0.000179284921926874,7.08354675554944e-06,0.157210377352917,0.0392435733004181,0.015935970840511,0.0317017179222151,0.541651764911286
"ENSG00000121892",0.233228376765474,0.355544769701058,0,5.47482759727365e-10,8.97081181163429e-05,0.000184378866486378,3.13085529255622e-07,0.000384941061499869,2.1692129455176e-06,0.107338344668346,0.0379964020132759,0.0232114737013634,0.0321338116417021,0.20988531061672
"ENSG00000224473",0.329311555574325,0,0,5.13652269939777e-11,0.00137406689506557,0.000186345063785328,0.000127895441303882,2.06971828211686e-05,1.25960756824417e-06,0.090697882658081,0.0313125769465116,0.0189849828513571,0.0293990211527103,0.498583716575105
"ENSG00000212172",0.131833034860925,0,0.0723577664363921,5.18644412470876e-12,0.000156321644698091,2.30689120405582e-07,3.56746012181832e-07,3.36822500024175e-05,2.72348308200165e-05,0.158894533590634,0.0588249284568196,0.0384372507737891,0.0509189702916158,0.488515689423984
"ENSG00000147894",0.171582154419721,0,0.237218808185513,1.18565868220396e-11,0.00142065483167629,0.000208384039708447,9.7158819844339e-05,7.4873715861932e-07,3.12007674134519e-05,0.182303505813127,0.110993958293846,0.0668254314250422,0.057973516381918,0.171344478273175
"ENSG00000166863",0.061262312551467,0.152446957109148,0.42024006364291,7.5670392613797e-10,8.36409523166269e-06,5.2098192309857e-05,4.75721807918723e-05,0.000214185146221075,2.73410405000548e-06,0.04814615413396,0.016611702590815,0.00850530262143686,0.0132322129225048,0.279230339952449
"ENSG00000082153",0.350071687614478,0,0,9.6318974345334e-12,0.0139125281981149,2.3952026468064e-06,0.00498096157746585,0.00219046121229019,6.66704213389433e-05,0.225576143117232,0.0853134218594925,0.0694050865544574,0.0536426091033392,0.194838035129513
"ENSG00000223478",0.13703168860325,0,0.0985074006407896,8.88708282163661e-10,0.0475290196593831,0.0102315332359661,0.0032871858853726,0.320864989124889,0.00247139428806056,0.00052487849794515,0.0239708620756734,0.0597000739310496,0.00508838308292416,0.290792590085988
"ENSG00000152990",0.143796147253768,0.177034129821929,0.108956801233087,1.22935108883554e-10,0.000355721090611429,8.73096148797608e-06,0.000134649448390763,0.00224045562116337,7.91726337698413e-05,0.334575455259686,0.00399000644814872,0.0840308787669,0.041348007928067,0.103449843410056
"ENSG00000168303",0.347062729240113,0,0.00466287920857163,1.39722604986815e-12,0.191642184290354,0.000724131510779264,0.0250260331688016,0.000142917551086505,0.00048017718699822,0.0953489293593907,0.0519402530891151,0.0473008988615064,0.0432970651891809,0.192371801342705
"ENSG00000085231",0.379013511347859,2.49970068464289e-11,0.0374168033605766,0,0.000454695020516035,0.00142168447527908,0.00799247269271219,0.0140318469193573,2.0805829431367e-05,0.0946093493588115,0.0892942308145963,0.0626823532745737,0.0421811291865471,0.270881117694743
"ENSG00000077157",0.224392745782972,0,0.00179266553541641,2.97851922384959e-11,0.0450191442580704,0.00660777616371914,0.00784574046568313,0.00359300650173415,0.000992702342278589,0.203004944032469,0.0632619157688071,0.0268062856581514,0.170272692656647,0.246410380804266
"ENSG00000144724",0.247040588197551,1.87664613031127e-11,0.0331854051512142,1.63029912451468e-09,0.00585492544519437,0.00448236867163436,4.4566144040113e-05,0.000269122766550636,0.00156148467005014,0.0752584026110576,0.117691008027994,9.22832532823098e-05,0.0123744147328208,0.502145428679545
"ENSG00000131187",0.186988708225326,1.00460879146894e-10,0.175805322280824,2.11958564820026e-10,5.30783159770453e-06,9.76819676014982e-06,0.00221975755491963,5.08631346289615e-05,4.52227885968191e-05,0.044354343459691,0.0180462696932603,0.00867132118062655,0.00711809708885969,0.55668501825249
"ENSG00000113163",0.346281640699274,0.0408816136795617,0.0153212392920438,5.1847304906639e-10,0.0525695230687877,0.0186170209413416,0.00462806149729943,0.0239739588900679,1.38830931280494e-05,0.0752464162896635,0.075058536397089,0.0455184041485805,0.152282776373938,0.149606925110752
"ENSG00000069667",0.054084693081696,0.0533360856699611,0.556595674882497,3.01809068816062e-10,0.000100795893876756,4.15159647489763e-08,5.44580901465576e-06,0.000717222447027203,0.00021453727623076,0.0486703755023012,0.0148703875409887,0.00522894657256164,0.00734579240422828,0.258830001101843
"ENSG00000151150",0.0911980986118929,0.0628361951661784,0.219966420172074,4.66506046817192e-10,0.000446984745351876,0.0088393589054496,0.00233711453238517,0.00935136837502151,0.00112906781677879,0.281241116176888,0.0226483484356996,0.139376959355206,0.0277261322879413,0.132902834952626
"ENSG00000155099",0.369686145115361,0.137275866418106,0.0148607150594324,2.04160363855725e-13,0.00633485162585988,0.000163112385712828,9.49581670290727e-05,0.00618045021568399,1.1081672075667e-05,0.0903393844771013,0.0445632935855448,0.0430056708612164,0.0317182360009518,0.255766234415721
"ENSG00000143367",0.131838776929739,0.260406189368727,0.209458535411221,7.08317747558255e-12,0.00364560341234207,3.47487080585347e-05,0.000222308263479508,0.00174262645303174,1.70221918592971e-05,0.170056300353326,0.0305509456625907,0.0208244099153845,0.0335946985324774,0.13760783479068
"ENSG00000131873",0.0817431207732469,0.53383869563076,0.0913376858058763,5.17721649994881e-12,0.00247196619609918,1.72281785185201e-06,0.0011119159977452,0.0224248548071576,9.52801004203259e-05,0.137476726999829,6.46586767681561e-06,0.0227507534781478,0.00511101489848161,0.10162979662153
"ENSG00000145919",0.26619124426559,0.281857065494846,0.0177528372121447,1.42338802515215e-11,0.00317914958866774,4.40009873565991e-06,0.00378850950890868,0.000984372858102535,0.00162378691812902,0.0707139226379859,0.108726712833819,0.0534471548770948,0.00741729444314136,0.1843135492486
"ENSG00000065328",0.16675338004933,1.16471225748949e-09,0.0415925703083371,2.21702330040766e-11,0.000571966932827246,0.00041924312618489,1.52155974977208e-05,0.000732283485612895,2.06440547944402e-06,0.342730102744869,0.157769592036269,0.110659549804021,0.0158066741051609,0.162947356217529
"ENSG00000161082",0.19685602557637,0.142548989725443,0.154083873179098,1.81634542530756e-11,0.00277175722240365,2.71405245367725e-06,0.000160036662252636,0.00432659609395599,4.67490084132391e-06,0.152932587347895,0.0671163155234584,0.0240460838129733,0.00729158504448663,0.247858760840205
"ENSG00000163818",0.204106260537908,0.164298788914319,0.128406132639863,1.33840423156687e-09,0.00797652809634379,0.000746327812309355,0.0017243117172951,0.0218083755233777,3.4938389381181e-05,0.0936413879651855,0.0851614149045234,0.0708670596752529,0.00861609327418344,0.212612379211653
"ENSG00000136828",0.0662007839441555,0.555495563317116,0.118860595176102,1.90327657251877e-10,0.00220065017595688,7.15390616140257e-05,0.000777034103518586,0.0390166557033086,0.0010531420309908,0.0281713874792025,0.000955555051446929,0.00103893200294889,0.13505947705087,0.0510986847124415
"ENSG00000223977",0.0625505587437507,0.374097524355481,0.11693403561223,6.39954797839433e-10,0.000845582830405813,0.00358862540487039,3.80303752609983e-05,0.00161830506059639,5.79430878635286e-06,0.0473546812556182,0.0245567210819044,0.0189703241208636,0.0103758336418501,0.339063982568427
"ENSG00000065268",0.184249818780449,6.2490253315997e-11,0.086678430639325,2.59363405663352e-10,0.00369177787295095,0.000944921318459942,1.62287167817907e-05,8.8818831747289e-08,1.29408485476775e-05,0.274868447140169,0.0581500772769617,0.0403452303401032,0.141506581805551,0.209535456120014
"ENSG00000149575",0.0258635781891569,0.764748753597776,0.00143792285275092,1.0248588739927e-11,0.0193463399123342,0.00806497494558371,7.09852711340503e-05,0.00354426453796989,0.000264561471705237,0.0939203126114084,0.0106648695245343,0.0157478496069747,0.00554122686379597,0.0507843606046269
"ENSG00000006125",0.179814064520607,0.210815118010175,0.0320992909623173,5.28111986806987e-10,0.00113688171061142,0.000329014773521186,0.00386278775684538,0.0384219217882576,0.000465650374082457,0.347596770586772,0.0183771018543445,0.0144561995313544,0.000657219045105846,0.151967978557894
"ENSG00000123342",0.216559687139238,1.84236306886228e-10,0.0297142569681145,1.59685892893262e-10,0.00873708763933021,0.00158639359229439,0.000208817958383815,0.00441840960425157,9.9879741864412e-05,0.39571730887796,0.0785217391915569,0.0265955278218324,0.044483384783576,0.193357506337676
"ENSG00000117010",0.390947099717953,0,0.0125572101293168,4.60687522523776e-12,3.92984218151708e-07,0.000155804475921026,3.0447654804912e-06,0.000167303867550512,8.68933110114689e-06,0.0145686911808977,0.0043061502030481,0.00297709014559859,0.00396511983575105,0.570343403358556
"ENSG00000198042",0.37197290180261,0,0.0198255126918456,1.35780132433841e-17,4.76908377123398e-06,0.00187743932699931,0.000213912775790687,0.00492745558602581,9.5609553751651e-05,0.135095452586167,0.0665239361468619,0.0406207942680076,0.03422335916015,0.32461885701802
"ENSG00000202538",0.597156375254734,0,0.0388804771501357,3.48501154589211e-12,0.000846162055976313,8.49723117841623e-05,8.96568777405476e-06,0.00111183677090477,1.65471728006834e-05,0.0472131531992516,0.0167016062490811,0.0116079540557194,0.0253552767950801,0.261016673293273
"ENSG00000118620",0.122961539026632,0.533453881173653,0.0999440690053711,3.82434055958486e-10,6.54403490070004e-06,4.86613375637932e-05,1.90686813986295e-05,4.5441524967241e-05,4.28727930502762e-08,0.0555018621268637,0.0181924512606511,0.00984137666449167,0.0175377450257203,0.14244731688256
"ENSG00000167037",0.102530163022137,0.023464113952167,0.11358215804527,8.95956082720974e-12,0.019247043465697,0.00048952023346743,3.72054651433378e-05,2.26034807994671e-06,9.97273930931327e-05,0.412223852626503,0.119265190229202,0.0711722677743168,0.0317975703079067,0.106088927128056
"ENSG00000136928",0.122962718572154,0.13407646689259,0.0123713295555587,1.13495629499083e-12,0.000133926939320258,0.00217840186227127,1.25404647340819e-06,0.00188671302836409,1.5757440931003e-05,0.354202506021329,0.0730106297876749,0.0221830661020487,0.0106341063933425,0.266343123356807
"ENSG00000182606",0.261583615744649,6.43382530891146e-09,0.0911162313056012,4.35117280802654e-10,0.00216015091004167,0.000789166021164381,3.6176993005287e-05,0.00166103241240321,0.000155822590426318,0.118616567709647,0.042616321323022,0.0598054936715441,0.0588460366267277,0.362613377822825
"ENSG00000168066",0.11408211542847,0.221060852985432,0.319576487272269,6.16362344888773e-10,0.000485019297466942,0.00156085649561981,0.00013683028360359,0.00461839552258441,3.59350212764734e-06,0.0770542714211537,0.0273262499544636,0.0159813782109109,0.0237238481100852,0.194390100899451
"ENSG00000214401",0.559383725830144,0,0.0143028172338722,1.01892863727249e-11,0.0122879101638599,0.00870595562727126,3.91090294176819e-05,0.0337957208563853,8.52215021506827e-05,0.0380283103112757,0.0200499925820442,0.00551591760767738,0.0947180718131864,0.213087247432525
"ENSG00000204287",0.207738734722774,0.509284336636157,0.0106381925220683,3.71486328300291e-10,0.0962592015064172,0.000565478350480848,0.00320133582951433,0.0028284633590245,0.000124037528297126,0.0464015062090889,0.000765086979817624,0.000457298628811144,0.00678441252722094,0.114951914828842
"ENSG00000127951",0.104724452003895,0.106395679178654,0.634690801531045,6.96396953704635e-10,1.5046782661815e-07,1.00816705114023e-05,0.000248435757044545,0.000767720362380359,4.2879232403869e-05,0.019688387981341,0.0084434081796428,0.00530331597180257,0.010722358191705,0.10896232877535
"ENSG00000141564",0.345299872368752,9.22792357346024e-11,0,1.01956959171865e-09,0.0353935528732201,0.0109708373076829,0.00297122147696931,0.0472871046714778,1.39319710664633e-06,0.0365262676059771,0.00849658650689504,0.05127373179179,0.0277984109143336,0.433981020173946
"ENSG00000073712",0.186264184592782,0.0948316735874865,0.00924298419066639,5.87513846584032e-10,0.0362152801995802,0.000190630046685285,0.0108918516697252,0.000389213352598562,0.000162563793391802,0.353591446403649,0.0230821083678792,0.0281828301627195,0.0622523191098838,0.194702913935439
"ENSG00000168769",0.082101857902853,0.726031944960696,0.00314192889617864,4.14925900273593e-10,0.00169344051051965,0.000206478048788048,1.98453460965491e-05,0.0026942454653249,2.92582423793997e-05,0.0241987428130313,0.00573092510367165,0.00114677651762314,0.0250733785773362,0.127931177200576
"ENSG00000100664",0.392661284747186,0,0.00228096152334295,9.27764963169277e-10,0.00396130575794391,3.75370625247225e-05,0.00665935004579597,0.00518762438859301,0.000139139262912163,0.167405690341498,0.100697434079731,0.0595798671134524,0.0562790038743769,0.205110800874877
"ENSG00000120616",0.0205448962832644,0.643288029390378,0.215383308140514,5.78981458416119e-13,1.27756837387081e-05,3.19870235417091e-05,5.54955977444451e-05,0.000109524887050449,3.96770470015222e-06,0.0288671873008749,0.0100869432907906,0.00638956899764718,0.0109124456336464,0.0643138700655301
"ENSG00000133519",0.265387631250315,0.506746524240419,0,4.54219039557823e-12,3.61418765784623e-05,2.6986965941154e-05,0.000930618664614132,0.00169103286648576,0.000109203467791714,0.0494596775158589,0.0276482358278966,0.00679015528765046,0.00374335943648752,0.137430432595419
"ENSG00000177770",0.349723328259075,8.57411589474602e-12,0.0102616624576179,1.14835950331837e-10,0.00782575232134289,0.00164183747886947,0.0346790148346212,0.0317941096939092,0.00837847612993084,0.00667837179507386,0.164184480727365,0.147103150116126,0.0173862124621373,0.220343603600521
"ENSG00000105520",0.171644714982668,0,0.0990278014978141,2.13894736097936e-17,0.00670877511622383,0.000166505108505736,0.000138579706325091,0.000965040055266932,1.61621841316602e-05,0.244802030741624,0.0862837860395236,0.041027001494611,0.0385389403284782,0.310680662744828
"ENSG00000088305",0.173978936843068,0.524927644388393,0.107579698333458,7.38026071674231e-11,7.02977018288694e-06,8.63799793378528e-07,3.03752461398661e-05,6.03108484694947e-05,9.6137455680516e-06,0.0578246469802684,0.0217053620464736,0.0145401095765658,0.0118541367962151,0.0874812715516014
"ENSG00000175063",0.136371706867653,0.0347516805086255,0.0276482446027527,1.06794590977019e-09,7.59625697126349e-05,0.000188700416477826,7.80437807805989e-08,0.000911192199903708,1.65178189646174e-07,0.326085566525799,0.161666505458,0.114637272664948,0.0081045191508514,0.189558404745359
"ENSG00000196975",0.0698925317879037,3.23690483890567e-10,0.013828477079599,1.01937256904229e-09,0.0314675822661348,0.000206550966998785,0.00489479553141564,0.0243546279005289,0.000283536058503122,0.190730791468797,0.183346018154434,0.130999441338864,0.149619703217639,0.200375942886119
"ENSG00000112996",0.456981332702814,6.96153837395239e-10,0.0393605389046538,3.82017190180145e-10,0.0038265222463906,0.00159713118328224,4.05054592823874e-05,0.000352818314330217,1.24789925778476e-05,0.140410906214135,0.0723289248254024,0.0494219881332611,0.0330329321102226,0.202633919835477
"ENSG00000155052",0.16863736329086,0,0.0317884546372324,1.39041369015808e-14,4.31524746566259e-05,0.0030439070223004,0.000818810322591525,0.00912779622208745,9.37461617136454e-05,0.314185060623266,0.0672074472792702,0.0298772107925166,0.00777456344599494,0.367402487727497
"ENSG00000087116",0.142742490576694,5.24975804313358e-11,0.22072769430891,8.06295442553323e-10,0.000315953010411995,0.000382400055783683,6.128541959281e-05,0.000139093455264082,3.87058663625358e-06,0.0969778853455281,0.0268872161671847,0.0137726960109636,0.0397111794677024,0.458278234736535
"ENSG00000117525",0.103183862137531,0.100899433375248,0.0859791228972189,8.09542738778878e-10,0.00104360156286318,0.000377008318209126,0.000596163392673992,0.0143853987085181,0.000392505869465836,0.108656791510047,0.373567397026636,0.0465113113136711,0.0450586961497198,0.119348706928656
"ENSG00000118004",0.167747261556337,0,0.407523531030117,4.98385597829239e-10,1.40120525745622e-05,3.51246593215543e-05,4.23045065699849e-06,0.000771685316193642,6.62133103165429e-05,0.12017910622908,0.0468550636191072,0.0271357565386716,0.0576330199906379,0.1720349947486
"ENSG00000189292",0.00787965562122614,0,0.143454631924621,3.53606891377384e-08,6.54782508193809e-05,3.54907022833248e-06,0.000703435218870459,0.000633088825292911,9.00942266532027e-05,0.0786469835457353,0.0330051413436276,0.0160702855731988,0.0172800300369149,0.702167591002123
"ENSG00000154240",0.34892267324372,8.19464531410525e-10,0.0931095449416776,1.42226171049314e-09,0.00315578969487512,1.28664434579976e-06,9.66277281768935e-05,0.00264165987044015,0.000211194921038148,0.181939682586974,0.0327069452715506,0.0536456571902042,0.00990514169178415,0.273663793973487
"ENSG00000197299",0.300623179585127,1.20490757979438e-10,0.0705539346690144,2.96218518454759e-10,0.000322248552292,0.00116530283784256,0.00049496913389135,0.00596436909133084,1.05035423916808e-06,0.171531116717335,0.0388702269259677,0.0692194663961366,0.00188423579230583,0.339369899527809
"ENSG00000135686",0.0817732189292325,0.571972171049678,0.0770334497890914,1.1967148929604e-13,0.000915278558357478,0.000130868691440785,5.11438080863003e-05,0.00587818220237279,0.000356129217899987,0.0811559338046558,0.0499669598782759,0.0114853993158869,0.000193209231340951,0.119088055523561
"ENSG00000007384",0.103487765632066,3.4585448085997e-10,0.0237131908435318,1.22020784640655e-10,0.00194746203442106,0.000693097620725413,0.000234934647783388,0.000191395645131769,7.56357261593747e-05,0.237164508997174,0.312235591197409,0.0963783627158188,0.0985355115486068,0.125342542923297
"ENSG00000144134",0.245848161446095,0.313888687997003,0.0245718578549751,2.74902979842226e-10,0.0251103247258758,0.00105771008141189,0.000127223772432614,0.000771126631260425,9.46604659269326e-07,0.164180563856192,0.0281389120276172,0.0312667888098158,0.0141727085673539,0.150864987350404
"ENSG00000167642",0.200417296601289,0,0.0521819738747908,6.49949557076151e-12,3.09245526588019e-05,1.73302198606947e-05,0.000185740695639351,0.00119794955021518,1.09196360225169e-05,0.2652340667506,0.0517045616234765,0.0293045203388333,0.0507836131257716,0.348931103024342
"ENSG00000110888",0.261849253751367,0,0.0694063242870178,3.69245359363058e-10,0.0310217680090313,0.00116378941759987,0.00137977508733521,0.0186631867774059,0.000151216556155996,0.207785658378655,0.0783553552813665,0.0450508780006,0.114829935150275,0.170342858933945
"ENSG00000143507",0.329868051562337,0.0285542257284723,0.0621316411267558,3.51946278737212e-10,0.019217770382747,0.00740682397192603,0.0195766718392222,0.0221233914631399,1.27816563720733e-07,0.0321985842997784,2.49183120877805e-06,0.0294343521172609,0.163029968362417,0.286455899146225
"ENSG00000112782",0.312314334041062,0,0.0824790395616477,2.1834958814825e-11,0.000121028095462899,0.000333348167747348,1.94816949451993e-05,6.71559775800593e-05,2.42248360368639e-05,0.115714718286347,0.062396494125433,0.0257549985035079,0.0283824628663181,0.372392713822078
"ENSG00000009413",0.0573759269999281,0.496087125860005,0.279249211944056,1.85312241018805e-10,4.80993050824615e-05,0.000107844401225904,5.17772240867103e-05,0.000520088263826975,4.03162241312465e-06,0.0458786300563191,0.0231388603684849,0.0062625841545611,2.88318945528115e-05,0.0912469877201449
"ENSG00000223559",0.515639543108146,0,0,2.537240349029e-11,0.000721570575952224,0.000135571339324042,3.1872889942675e-05,9.38530887675316e-06,7.07031646015623e-06,0.0326919074182819,0.0083769888911192,0.00993797117208284,0.00704013974647457,0.425407979207968
"ENSG00000072401",0.381448117655844,0,0,4.80199758607972e-12,0.00574649867503711,2.68966230929906e-07,0.00418188183158399,0.00205540561001785,5.45938198002668e-06,0.209424810425411,0.0900759753776056,0.0610968060029768,0.0646008498806542,0.181363926187857
"ENSG00000142507",0.469239379641707,0,0.0352793434896528,8.38037964170077e-13,0.0216474385782475,4.55996769732473e-05,0.00244800259819822,0.012950921014275,0.000702893307569861,0.0184051636513787,8.36936040988904e-07,0.000563923091814489,0.151175133456392,0.287541364556911
"ENSG00000146700",0.214361049899296,0.101071749836024,0.221382146166816,2.92079176277822e-09,0.000728494579777234,0.00102878271665725,0.000282504553026071,0.000362602284177532,1.43534005762497e-05,0.0493084911410256,0.0200642708472592,0.00462818556378329,0.0212533661037113,0.365513999987079
"ENSG00000215692",0.281280624760786,0,0.00908042390925229,1.07233072726648e-12,7.57595222950071e-05,3.87801201244299e-07,5.18992392612567e-05,0.00089214547802036,1.06098766705082e-07,0.0674500031918777,0.0247374992044152,0.0129701467305268,0.0174524896414608,0.586008514421064
"ENSG00000160710",0.400626986204576,0,0.0278651251907008,1.08328351569626e-11,0.0409430723085896,0.00732231104936502,0.000425771774375619,0.0652931835872375,4.14117415634336e-05,0.107222522132722,0.0418157195746038,0.0412692545907209,0.0900874217391474,0.177087220095565
"ENSG00000117569",0.195943856664754,0.36678832359982,0.0231080711101302,1.98372614217813e-10,0.000826877665828337,6.21905167494632e-06,0.000215907707230923,0.000185971665328512,2.10309494968596e-05,0.118857349549787,0.0548344673119907,0.0345182119044775,0.0420280179966198,0.162665694624489
"ENSG00000167395",0.0949329659395147,0.327408338315287,0.109757814396621,1.71586541887944e-11,0.000275196144841407,0.000405661830875558,0.0010242365314139,0.00593065514460777,1.38650172300496e-06,0.130963308514833,0.0432417729251496,0.0243833424438555,0.0356946306339823,0.225980690660136
"ENSG00000078269",0.0737076183064247,0,0.00362344367814055,3.19129737757221e-13,0.0681137202087257,0.00139266608948442,0.000163055607035794,0.00728933288310839,4.71762310221625e-07,0.252307404259583,0.100277105421513,0.293418823193272,0.0180168464987195,0.181689512091363
"ENSG00000052795",0.17886472400475,0.140148882287616,0.0525126959983514,3.25679612565684e-10,0.00101074710294467,6.04853800124957e-07,0.000379804709136893,0.00582245779632639,0.0001295770883092,0.291209299278826,0.0649322025667488,0.058060134395635,0.0260098461905146,0.18091902340136
"ENSG00000122970",0.159346407896479,0.632027103890546,0.0433505708250586,3.09712494000726e-10,2.72431093174752e-06,1.20588433953676e-06,1.0944112662176e-05,1.15040722607759e-06,2.73706399027042e-06,0.0404434388618745,0.0143095380700279,0.0104779052436855,0.00943629869878105,0.0905899744246852
"ENSG00000103342",0.21506432214645,0.414160711401766,0.0412452982295079,3.77772977898195e-10,3.0822910389489e-05,4.41538479441877e-05,0.000265555528487407,0.000953113791152436,1.07031539844765e-09,0.0885855061366932,0.0287749388000123,0.0225518431110379,0.0296272854747533,0.158696447173718
"ENSG00000135213",0.306021363012167,0,0.0325882114248923,1.11154764532984e-14,0.0207465978935231,0.030296579711847,1.00074886483169e-06,0.0838841713660153,3.13441766911056e-06,0.0457354255882873,0.0137166541782702,0.0331363534540198,0.0386511506590869,0.395219357545346
"ENSG00000213370",0.435377429630995,8.64373063569704e-11,0.0351350811040575,3.66992573421788e-10,9.18288487172762e-05,0.00613011400131834,0.0348692134003577,0.00214696623477489,0.00124431378285119,0.00694700809746695,0.0847502628745104,0.1511068588239,0.0180691869292124,0.224131735818408
"ENSG00000171130",0.121251241675659,0.550636704704325,0.0342275395510535,5.36867040431996e-10,0.000381943335453722,1.43118776399283e-08,9.98458467394891e-06,3.30083827762288e-05,1.87590201803197e-06,0.0422139898071307,0.0153483383769454,0.00669955028988824,0.0107449895636614,0.21845081897767
"ENSG00000224016",0.0925097407474768,5.95088184847467e-14,0.382228368967889,3.11422950435844e-12,0.00288652496731873,0.00198886885588603,0.000738312137522278,0.000692536491002532,0.000421163328015259,0.0448254465171977,0.0129363536310963,0.0160425687183758,0.00273974659024758,0.441990369044798
"ENSG00000166426",0.124811160665285,0,0.0464834038831929,5.68929182524577e-12,7.97721169770603e-07,0.000224081816972568,0.000100571584767778,2.66342477967619e-05,9.37048303031012e-07,0.13155563964282,0.0504489268841946,0.0296771659308688,0.0511918404131341,0.565478840155805
"ENSG00000078967",0.38845482751913,0.303821070661349,0.0636400729525579,9.67797718916854e-12,0.0194286019751474,0.000107247251917812,0.00133628266525631,0.001677131210865,3.65567417083389e-06,0.0247713803822633,0.0321360076687815,1.7262828615503e-05,0.0151067898963099,0.149499669303958
