"","SampleID","Proportion of Neurons (MultiBrain)","Proportion of Astrocytes (MultiBrain)","Proportion of Microglia (MultiBrain)","Proportion of Oligodendrocytes (MultiBrain)","Proportion of Endothelia (MultiBrain)"
"1","13058_8_pcw_Ocx_s2a",0.3080059356565,0,0.053492847139171,0.00504839042988419,0.633452826774445
"2","13058_8_pcw_M1C-S1C_s2a",0.383333984123472,0.0132396484375339,0.0441329806991124,0.000553639759066802,0.558739746980815
"3","13058_8_pcw_AMY_s2a",0.558169664171786,0,0,0,0.441830335828214
"4","13058_8_pcw_MGE_s2a",0.413063273883553,0,0.0466339896224213,0.0185584900444076,0.521744246449618
"5","13058_8_pcw_STC_s2a",0.439910758835071,0.0017202264321931,0.0667918104998631,0.00126223739961623,0.490314966833257
"6","13058_8_pcw_URL_s2a",0.617516503442506,0,0.0466158087603463,0,0.335867687797148
"7","13058_8_pcw_CGE_s2a",0.3897372775535,0.00614490455414527,0.037016353613548,0.00188119690195332,0.565220267376853
"8","13058_8_pcw_DTH_s2a",0.548265757421392,0,0.0225803719363694,0,0.429153870642238
"9","13058_8_pcw_MFC_s2a",0.326229580942167,0.0103893487798832,0.0322899420942746,0.00406123575914686,0.627029892424529
"10","13058_8_pcw_DFC_s2a",0.380289404060635,0,0,0,0.619710595939365
"11","13058_8_pcw_OFC_s2a",0.292899016399458,0.000649147888923038,0.025496571887605,0.0165299692640774,0.664425294559936
"12","13058_8_pcw_LGE_s2a",0.495487480208026,0.0194404214552712,0.0255914216590089,0,0.459480676677694
"13","13058_8_pcw_ITC_s2a",0.610714015866797,0,0.0363991266202199,0,0.352886857512983
"14","13058_8_pcw_HIP_s2a",0.220595118836075,0,0.0323432486827089,0,0.747061632481216
"15","13058_8_pcw_VFC_s2a",0.398713990380605,0,0.0461634205301379,0.00322939361500299,0.551893195474254
"16","13058_8_pcw_PCx_s2a",0.332917297808482,0.0131154509180769,0.0507948831430538,0.00828804332376584,0.594884324806621
"17","12833_9_pcw_DFC_s2a",0.357305293554534,0.0315231328043256,0.0314368614885885,0.00342420828967143,0.576310503862881
"18","12833_9_pcw_MFC_s2a",0.366323750701063,0.0375286856604079,0.0241069463756795,0,0.572040617262849
"19","12833_9_pcw_AMY_s2a",0.487434699881458,0.0294760329969634,0.00984550316458414,0,0.473243763956995
"20","12833_9_pcw_DTH_s2a",0.673805096484613,0,0.0313317115637154,0,0.294863191951671
"21","12833_9_pcw_URL_s2a",0.597405203623078,0.0210877292920855,0.035580093544968,0,0.345926973539868
"22","12833_9_pcw_LGE_s2a",0.435383382958166,0.0427553391288567,0.0281009181279177,0.000569534411484994,0.493190825373575
"23","12833_9_pcw_M1C-S1C_s2a",0.221585418087041,0.0745036650291758,0.0208913275827817,0.00754884107480242,0.675470748226199
"24","12833_9_pcw_MGE_s2a",0.527339960979736,0.0105595885554067,0.0197270770559726,0.0101934620030567,0.432179911405828
"25","12833_9_pcw_TCx_s2a",0.52204567082677,0.0189828944670817,0.0582425124958754,0,0.400728922210273
"26","12833_9_pcw_HIP_s2a",0.339254500967434,0.0584111149636112,0.00340408183077648,0,0.598930302238178
"27","12833_9_pcw_Ocx_s2a",0.369241212660728,0.0298834620618499,0.0474232624277426,0.0044428016115771,0.549009261238102
"28","12833_9_pcw_CGE_s2a",0.228141595395873,0.0661554675298447,0.00810278948858129,0,0.697600147585701
"29","12833_9_pcw_OFC_s2a",0.339587316436521,0.0623456373762723,0,0,0.598067046187207
"30","12833_9_pcw_PCx_s2a",0.448641667069972,0.0353271108466367,0.0547826248637257,0,0.461248597219665
"31","12835_12_pcw_HIP_s2b",0.471494626917435,0.0454386319173253,0.0274534360948114,0.00313939491338074,0.452473910157048
"32","12835_12_pcw_DTH_s2b",0.730004387598439,0,0.015884879189421,0,0.25411073321214
"33","12835_12_pcw_AMY_s2b",0.394673746272414,0.0519440364552864,0.036166100250066,0.000412334555057911,0.516803782467176
"34","12835_12_pcw_A1C_s2b",0.713555481517634,0,0.0340503488883122,0,0.252394169594054
"35","12835_12_pcw_V1C_s2b",0.666146500717132,0,0.0586389433693878,0,0.275214555913481
"36","12835_12_pcw_MFC_s2b",0.748050630150486,0,0.0346249398927299,0,0.217324429956784
"37","12835_12_pcw_STR_s2b",0.705898393103618,0,0.0229486746414195,0.00135140836439563,0.269801523890566
"38","12835_12_pcw_M1C_s2b",0.697481544338756,0,0.0240412716884489,0,0.278477183972795
"39","12835_12_pcw_DFC_s2b",0.658184137420528,0,0.0355895075865318,0.0124750927989521,0.293751262193988
"40","12835_12_pcw_ITC_s2b",0.633555100841846,0,0.0456836310941547,0.00111044262908317,0.319650825434916
"41","12835_12_pcw_VFC_s2b",0.693362789928496,0,0.0334644246645337,0.00455569484065121,0.26861709056632
"42","12835_12_pcw_STC_s2b",0.751709917289306,0,0.0347407751420922,0,0.213549307568601
"43","12835_12_pcw_IPC_s2b",0.728984559338978,0,0.0320015676209016,0,0.239013873040121
"44","12835_12_pcw_OFC_s2b",0.683475378734123,0,0.0325268566575995,0,0.283997764608277
"45","12835_12_pcw_S1C_s2b",0.751640240391317,0,0.0266445305854245,0,0.221715229023259
"46","12960_12_pcw_STC_s2b",0.765990559941043,0,0.0465129864985107,0,0.187496453560446
"47","12960_12_pcw_V1C_s2b",0.73315749700344,0,0.0594999228661331,0,0.207342580130426
"48","12960_12_pcw_A1C_s2b",0.793688888684145,0,0.0495177273304307,0,0.156793383985425
"49","12960_12_pcw_CB_s2b",0.724635100994227,0,0.0377269167883842,0.00653992755917874,0.23109805465821
"50","12960_12_pcw_ITC_s2b",0.735735540266307,0,0.0778072965065499,0,0.186457163227143
"51","12960_12_pcw_IPC_s2b",0.790540427355043,0,0.0413818156744092,0,0.168077756970548
"52","12960_12_pcw_S1C_s2b",0.765125362631957,0,0.0364220251709368,0.000668693787752426,0.197783918409354
"53","12960_12_pcw_DTH_s2b",0.766735579658476,0,0.00571714907588834,0,0.227547271265636
"54","12960_12_pcw_HIP_s2b",0.539131629607906,0.0275332534584206,0.0416722932965002,0.000442218208835594,0.391220605428338
"55","12960_12_pcw_DFC_s2b",0.782629963472052,0,0.0539754871459795,0.00626010965038535,0.157134439731583
"56","12960_12_pcw_OFC_s2b",0.703396968771087,0,0.0571095920959341,0.0101946561743987,0.229298782958581
"57","12960_12_pcw_M1C_s2b",0.829297927535975,0,0.0255443764987972,0,0.145157695965228
"58","12960_12_pcw_VFC_s2b",0.75320622690719,0,0.0440519872944657,0.00428186085498417,0.19845992494336
"59","12960_12_pcw_AMY_s2b",0.694618442694809,0,0.0108426531417185,0,0.294538904163472
"60","12960_12_pcw_STR_s2b",0.667328050979817,0,0.0170220709070042,0,0.315649878113179
"61","13060_12_pcw_AMY_s2b",0.689689000505986,0,0.0273729653990951,0.00242156721143925,0.28051646688348
"62","13060_12_pcw_M1C_s2b",0.759659236213051,0,0.0411779654410798,0,0.199162798345869
"63","13060_12_pcw_ITC_s2b",0.695227192408668,0,0.0615738280803534,0.00267924608401451,0.240519733426964
"64","13060_12_pcw_VFC_s2b",0.684958493207162,0,0.0442691430549709,0.0111630705124098,0.259609293225457
"65","13060_12_pcw_STR_s2b",0.766426730519108,0,0.0100309383765287,0,0.223542331104363
"66","13060_12_pcw_CBC_s2b",0.647041407453829,0,0.0395870320814436,0.00407393311975409,0.309297627344973
"67","13060_12_pcw_DTH_s2b",0.733549675186258,0,0.0157561472726945,0,0.250694177541048
"68","13060_12_pcw_DFC_s2b",0.73277461068792,0,0.038610544648505,0.00621830110977773,0.222396543553797
"69","13060_12_pcw_OFC_s2b",0.75572110120343,0,0.0475680059459449,0.00675337459447226,0.189957518256153
"70","13060_12_pcw_S1C_s2b",0.759668417202474,0,0.0418579350777826,0,0.198473647719744
"71","13060_12_pcw_V1C_s2b",0.744642182906605,0,0.0636564784236506,0,0.191701338669744
"72","13060_12_pcw_MFC_s2b",0.793884291849993,0,0.0427880462798888,0,0.163327661870119
"73","13060_12_pcw_HIP_s2b",0.616554022843753,0,0.0505482530988872,0.000577264936322558,0.332320459121037
"74","13060_12_pcw_IPC_s2b",0.741090860744274,0,0.0525606248446564,0.0156264223257397,0.19072209208533
"75","13060_12_pcw_A1C_s2b",0.755190631681348,0,0.0377450640258779,0.00251188794194651,0.204552416350827
"76","12820_13_pcw_STR_s3a",0.726945724636,0,0.020454461785181,0,0.252599813578819
"77","12820_13_pcw_M1C_s3a",0.837637533595824,0,0.0190900197762108,0,0.143272446627965
"78","12820_13_pcw_AMY_s3a",0.687373327030739,0.014899618637906,0,0,0.297727054331355
"79","12820_13_pcw_S1C_s3a",0.840042554545328,0,0.015320439125204,0,0.144637006329468
"80","12820_13_pcw_V1C_s3a",0.803703463192849,0,0.0225243610864467,0,0.173772175720704
"81","12820_13_pcw_A1C_s3a",0.605942658332622,0,0.0291325809346676,0.00446157257773135,0.36046318815498
"82","12820_13_pcw_HIP_s3a",0.540773962146828,0.0545383900101833,0.0311769977069999,1.67636677995508e-05,0.373493886468189
"83","12820_13_pcw_VFC_s3a",0.831141542347708,0,0.00889317460947911,0,0.159965283042813
"84","12820_13_pcw_MFC_s3a",0.800943641768259,0,0.0133794089720202,0,0.185676949259721
"85","12820_13_pcw_STC_s3a",0.769261028122809,0,0.0283977086794077,0,0.202341263197784
"86","12820_13_pcw_OFC_s3a",0.704850987438932,0,0.0277435081928863,0.00187422532507133,0.265531279043111
"87","12820_13_pcw_IPC_s3a",0.81986373026304,0,0.0235773416435631,0,0.156558928093397
"88","12820_13_pcw_DFC_s3a",0.801748233384801,0,0.0184083287766082,0,0.179843437838591
"89","12820_13_pcw_ITC_s3a",0.713511083031464,0,0.017352842462511,0,0.269136074506025
"90","12834_13_pcw_STR_s3a",0.661699378111335,0,0.0109473448338749,0,0.32735327705479
"91","12834_13_pcw_S1C_s3a",0.793637582490712,0,0.0174019409757546,0,0.188960476533534
"92","12834_13_pcw_V1C_s3a",0.690476033005084,0,0.0548346440364511,0,0.254689322958465
"93","12834_13_pcw_AMY_s3a",0.542683842245672,0.0224784304155142,0,0,0.434837727338814
"94","12834_13_pcw_IPC_s3a",0.752277144643017,0,0.0305556645228661,0,0.217167190834117
"95","12834_13_pcw_CB_s3a",0.544167995966986,0.0390614323652268,0.0300657706794822,0,0.386704800988305
"96","12834_13_pcw_DFC_s3a",0.734980116146781,0,0.0238030579713141,0,0.241216825881905
"97","12834_13_pcw_OFC_s3a",0.73938711685303,0,0.031304297907032,0,0.229308585239938
"98","12834_13_pcw_STC_s3a",0.732241368148526,0,0.0379239301651882,0,0.229834701686286
"99","12834_13_pcw_A1C_s3a",0.790682915039188,0,0.0186505103950718,0,0.19066657456574
"100","12834_13_pcw_HIP_s3a",0.552089593027101,0.0392342086076845,0.0288599307235788,0,0.379816267641636
"101","12834_13_pcw_M1C_s3a",0.80294218481029,0,0.018960204923548,0,0.178097610266162
"102","12834_13_pcw_ITC_s3a",0.720614055592604,0,0.0410580649288612,0,0.238327879478535
"103","12834_13_pcw_MD_s3a",0.748499408204168,0,0.00565330639908282,0,0.245847285396749
"104","12834_13_pcw_MFC_s3a",0.719237438003171,0,0.0239474607244085,0,0.25681510127242
"105","12834_13_pcw_VFC_s3a",0.752489850199983,0,0.0309804480727526,0,0.216529701727265
"106","12888_13_pcw_S1C_s3a",0.740227482045957,0,0.0419001478557264,0,0.217872370098317
"107","12888_13_pcw_DFC_s3a",0.702675664001987,0,0.0368655907490965,0.00859134872646839,0.251867396522449
"108","12888_13_pcw_CB_s3a",0.62780221467758,0,0.030407906135805,0,0.341789879186615
"109","12888_13_pcw_AMY_s3a",0.519912298884529,0.0155503474368123,0.00170938485213167,0,0.462827968826528
"110","12888_13_pcw_ITC_s3a",0.660073782394563,0,0.0584510939310928,0.00216458438559847,0.279310539288745
"111","12888_13_pcw_HIP_s3a",0.477207891603195,0.0289804373628837,0.0265670649397211,0,0.4672446060942
"112","12888_13_pcw_IPC_s3a",0.75763487673521,0,0.0352208708353023,0,0.207144252429488
"113","12888_13_pcw_A1C_s3a",0.724772671565682,0,0.0413502354260088,0,0.233877093008309
"114","12888_13_pcw_VFC_s3a",0.657799132398158,0,0.0607515380071396,0.0165021700514362,0.264947159543267
"115","12888_13_pcw_STR_s3a",0.67051227611506,0,0.0405141470297402,0,0.288973576855199
"116","12888_13_pcw_OFC_s3a",0.543300977090811,0,0.0484282144364386,0.0262269355542695,0.382043872918481
"117","12888_13_pcw_MFC_s3a",0.587479901343681,0,0.0284203040474739,0.0213686890225882,0.362731105586256
"118","12888_13_pcw_V1C_s3a",0.660031750599353,0,0.0384354704094566,0,0.301532778991191
"119","12888_13_pcw_M1C_s3a",0.745989339586067,0,0.0299983064907765,0,0.224012353923156
"120","12287_16_pcw_VFC_s3b",0.76568335147758,0,0.0110738210711565,0,0.223242827451264
"121","12287_16_pcw_OFC_s3b",0.789030390465547,0,0.00826555197294345,0,0.202704057561509
"122","12287_16_pcw_STC_s3b",0.64492592653187,0,0.037515431038421,0,0.317558642429709
"123","12287_16_pcw_DFC_s3b",0.611670307623995,0,0.0213879458624455,0,0.36694174651356
"124","12287_16_pcw_IPC_s3b",0.752998687927218,0,0.0196509300988647,0,0.227350381973917
"125","12287_16_pcw_A1C_s3b",0.768689889550027,0,0.0162500632748629,0,0.21506004717511
"126","12287_16_pcw_MFC_s3b",0.462969314623615,0.034480646255898,0.0375546109186589,0,0.464995428201828
"127","12287_16_pcw_STR_s3b",0.785503985020665,0,0.0167027172815379,0,0.197793297697797
"128","12287_16_pcw_MD_s3b",0.67139323041012,0.0335226188501498,0.0599140461927531,0.00243560572876527,0.232734498818212
"129","12287_16_pcw_V1C_s3b",0.681559014468149,0,0.0202392468051415,0,0.298201738726709
"130","12837_16_pcw_VFC_s3b",0.714991627469986,0,0.0182787564178603,0,0.266729616112153
"131","12837_16_pcw_STC_s3b",0.647554295587458,0,0.00929201173400463,0,0.343153692678537
"132","12837_16_pcw_IPC_s3b",0.758217619108073,0,0.0161367629147635,0,0.225645617977163
"133","12837_16_pcw_A1C_s3b",0.718088557309247,0,0.0414420166005777,0,0.240469426090175
"134","12837_16_pcw_MD_s3b",0.788647695785737,0,0,0,0.211352304214263
"135","12837_16_pcw_AMY_s3b",0.494016781781184,0.0349482431193772,0.048071592051285,0,0.422963383048154
"136","12837_16_pcw_V1C_s3b",0.571487384763883,0.0299864272616311,0.0780940131867192,0.00485221824312387,0.315579956544642
"137","12837_16_pcw_ITC_s3b",0.762351514856913,0,0.0220886486384052,0,0.215559836504682
"138","12837_16_pcw_CBC_s3b",0.275746013792066,0.0777641140844309,0.00757283834136617,0,0.638917033782137
"139","12837_16_pcw_HIP_s3b",0.64847402494657,0.039971105883156,0.0211573854922109,0,0.290397483678063
"140","12837_16_pcw_STR_s3b",0.775568059267296,0,0.018227393404824,0,0.20620454732788
"141","12837_16_pcw_OFC_s3b",0.67079177941926,0.0111578146670518,0.026294069808073,0,0.291756336105615
"142","12837_16_pcw_DFC_s3b",0.667106496032247,0,0.0284964127857138,0,0.304397091182039
"143","12837_16_pcw_M1C_s3b",0.775460946909366,0,0.0286003333643107,0,0.195938719726323
"144","12837_16_pcw_MFC_s3b",0.668425976354946,0,0.0280336041052906,0,0.303540419539764
"145","12837_16_pcw_S1C_s3b",0.73815351924985,0,0.0230800454116167,0,0.238766435338534
"146","12879_16_pcw_HIP_s3b",0.22421251997427,0.115338623827072,0.0814891246911681,0,0.578959731507489
"147","12879_16_pcw_ITC_s3b",0.743263042764914,0,0.0106123771188833,0,0.246124580116203
"148","12879_16_pcw_DFC_s3b",0.675530848488192,0,0.0220724351340112,0.012024164257621,0.290372552120176
"149","12879_16_pcw_IPC_s3b",0.745643794019624,0,0.0166091021692398,0,0.237747103811136
"150","12879_16_pcw_STC_s3b",0.669629059181901,0,0.024254729290272,0,0.306116211527827
"151","12879_16_pcw_V1C_s3b",0.551303297806628,0,0.0344232497813068,0.0100541900276517,0.404219262384413
"152","12879_16_pcw_MD_s3b",0.799318385752561,0,0.0185870112055534,0,0.182094603041886
"153","12879_16_pcw_STR_s3b",0.763949658802338,0.00428607982146848,0.0269850390088654,0,0.204779222367328
"154","12879_16_pcw_M1C-S1C_s3b",0.711753980321347,0,0.0134292883646629,0,0.27481673131399
"155","12879_16_pcw_A1C_s3b",0.74061132629838,0,0.0189367600997566,0,0.240451913601863
"156","12879_16_pcw_VFC_s3b",0.680078583665977,0,0.0194263420338896,0,0.300495074300134
"157","12879_16_pcw_AMY_s3b",0.741899572100579,0.00458903166463316,0.0235876939434088,0,0.229923702291379
"158","12879_16_pcw_MFC_s3b",0.592407242538744,0.00411944152119541,0.0303498752780869,0,0.373123440661974
"159","12880_17_pcw_STR_s3b",0.706879844916147,0.027714055604334,0.011852831139686,0,0.253553268339834
"160","12880_17_pcw_STC_s3b",0.771604945181103,0,0,0,0.228395054818897
"161","12880_17_pcw_MD_s3b",0.746469827435225,0.013281122484058,0.0156712212351685,0,0.224577828845549
"162","12880_17_pcw_A1C_s3b",0.820632791491298,0,0.0148949327721144,0,0.164472275736588
"163","12880_17_pcw_HIP_s3b",0.632461333503783,0.0423706930950726,0.0174344957903558,0,0.307733477610789
"164","12880_17_pcw_DFC_s3b",0.809329099495028,0,0.0103329958365149,0,0.180337904668457
"165","12880_17_pcw_VFC_s3b",0.76240114753443,0,0.0104757195907697,0,0.2271231328748
"166","12880_17_pcw_IPC_s3b",0.856851881918796,0,0.0177148783878949,0,0.125433239693309
"167","12880_17_pcw_M1C-S1C_s3b",0.837206097385028,0,0.00763904134181476,0,0.155154861273158
"168","12880_17_pcw_V1C_s3b",0.704796079002935,0,0.0292628890122069,0,0.265941031984858
"169","12880_17_pcw_CBC_s3b",0.494336251054757,0.0831913589944953,0.0482891609609636,0,0.374183228989784
"170","12880_17_pcw_OFC_s3b",0.799845920812512,0,0.0207108904044438,0,0.179443188783044
"171","12880_17_pcw_AMY_s3b",0.549725740037349,0.0267389876970554,0.0471670991660624,0.00452305203242834,0.371845121067105
"172","12880_17_pcw_MFC_s3b",0.849048393882172,0,0.00688106903215587,0,0.144070537085672
"173","12885_19_pcw_STC_s4",0.755116537966777,0,0.00885634115496712,0,0.236027120878256
"174","12885_19_pcw_IPC_s4",0.712524319020665,0,0.012955848955193,0,0.274519832024142
"175","12885_19_pcw_M1C-S1C_s4",0.714449587988384,0,0.00982988256513164,0,0.275720529446485
"176","12885_19_pcw_MFC_s4",0.657059369946881,0,0.0384728014103362,0,0.304467828642783
"177","12885_19_pcw_V1C_s4",0.681150200474599,0,0.010360688814921,0,0.30848911071048
"178","12885_19_pcw_HIP_s4",0.474578285501731,0.113865212044298,0.0351753840589068,0,0.376381118395064
"179","12885_19_pcw_A1C_s4",0.72633139588971,0,0.0183372522763393,0,0.25533135183395
"180","12885_19_pcw_MD_s4",0.649600437180259,0.0327399989821674,0.0242351338905555,0,0.293424429947018
"181","12885_19_pcw_VFC_s4",0.805629555866626,0,0.00580922880843045,0,0.188561215324943
"182","12885_19_pcw_STR_s4",0.595560582337639,0.030434236486517,0.024512708105278,0,0.349492473070566
"183","12885_19_pcw_DFC_s4",0.735722085084636,0,0.00995317686545727,0,0.254324738049906
"184","12365_21_pcw_CBC_s4",0.684579892802917,0.0518364130370034,0.0255126774599488,0,0.238071016700131
"185","12365_21_pcw_ITC_s4",0.819823735732837,0,0.0148630074410801,0,0.165313256826083
"186","12886_21_pcw_MFC_s4",0.845847597948566,0,0.00851211884942937,0,0.145640283202004
"187","12886_21_pcw_M1C_s4",0.788836684281241,0,0.0120410716267584,0,0.199122244092
"188","12886_21_pcw_STR_s4",0.77336022909226,0.0229390780576344,0.0146079164241262,0,0.189092776425979
"189","12886_21_pcw_HIP_s4",0.695220811714549,0.0653566590412568,0.0197058091425927,0,0.219716720101602
"190","12886_21_pcw_STC_s4",0.825018305584196,0,0.00914813351885019,0,0.165833560896954
"191","12886_21_pcw_ITC_s4",0.871695970033732,0,0.00939893338406745,0,0.118905096582201
"192","12886_21_pcw_AMY_s4",0.70856702900421,0.0386619970668346,0.0341809768564642,0,0.218589997072491
"193","12886_21_pcw_VFC_s4",0.618922805404863,0.0825571874304905,0.0528697689918183,0,0.245650238172828
"194","12886_21_pcw_OFC_s4",0.82222487610756,0,0.00722336946066195,0,0.170551754431778
"195","12886_21_pcw_V1C_s4",0.823964990975137,0,0.0113040297998191,0,0.164730979225044
"196","12886_21_pcw_S1C_s4",0.847831242843645,0,0.0118295060866855,0,0.140339251069669
"197","12886_21_pcw_CBC_s4",0.444350598641171,0.0931014820812874,0.0287157735886199,0,0.433832145688921
"198","12886_21_pcw_IPC_s4",0.844164559667769,0,0.00595254663892601,0,0.149882893693305
"199","12886_21_pcw_DFC_s4",0.718000182241035,0,0.0268192241781707,0,0.255180593580795
"200","12288_24_pcw_HIP_s4",0.570698923343833,0.0968901061096913,0.0460489260989334,0,0.286362044447543
"201","12288_24_pcw_AMY_s4",0.297065796625512,0.194729025017539,0.0441984925150442,0.0111387168855052,0.4528679689564
"202","12288_24_pcw_DFC_s4",0.715911917340771,0,0.0204029208687641,0,0.263685161790465
"203","12288_24_pcw_S1C_s4",0.743460397797768,0,0.0230902197767036,0,0.233449382425528
"204","12288_24_pcw_MD_s4",0.723794154435466,0.0181166018591429,0.025131124329078,0,0.232958119376313
"205","12288_24_pcw_STR_s4",0.626090720086152,0.0571489635524495,0.0223530134975345,0,0.294407302863864
"206","12288_24_pcw_A1C_s4",0.783977132688212,0,0.0178348291065111,0,0.198188038205277
"207","12288_24_pcw_IPC_s4",0.779796432465556,0,0.0129552692770651,0,0.207248298257379
"208","12288_24_pcw_OFC_s4",0.727771321372415,0,0.0132516572067129,0,0.258977021420872
"209","12288_24_pcw_STC_s4",0.690142784122848,0,0.0157426184813453,0,0.294114597395807
"210","12288_24_pcw_ITC_s4",0.784478450364827,0,0.0160023271015471,0,0.199519222533626
"211","12288_24_pcw_VFC_s4",0.724251189298986,0,0.0215193160711506,0,0.254229494629864
"212","12288_24_pcw_M1C_s4",0.653099217412694,0,0.0306945768316393,0,0.316206205755667
"213","12288_24_pcw_MFC_s4",0.756656631278911,0,0.0168959299328934,0,0.226447438788196
"214","12288_24_pcw_CBC_s4",0.544409988939884,0.0609903928301644,0.0349501488287307,0.0155783238194187,0.344071145581802
"215","12288_24_pcw_V1C_s4",0.68899399197559,0,0.0279597489645001,0,0.28304625905991
"216","12948_25_pcw_A1C_s5",0.0355928062621686,0.635338325785017,0,0.0444614905352192,0.284607377417595
"217","12949_26_pcw_STC_s5",0.617967462963842,0,0.0520361025067031,0.0021182742081497,0.327878160321306
"218","12949_26_pcw_V1C_s5",0.0059478839580952,0.479451684262538,0,0.143937427774828,0.370663004004539
"219","12949_26_pcw_DFC_s5",0,0.459122749566174,0,0.236426089522435,0.304451160911391
"220","12295_35_pcw_CBC_s5",0.318025716116072,0.109213511674176,0.0125370929782139,0,0.560223679231538
"221","12295_35_pcw_VFC_s5",0.313090607129337,0.139778575813528,0,0,0.547130817057136
"222","263195015_37_pcw_A1C_s5",0.353656546671894,0.188563284256732,0.0149166202360957,0,0.442863548835279
"223","263195015_37_pcw_OFC_s5",0.406495612392696,0.140743103975408,0.00784489506724888,0,0.444916388564646
"224","263195015_37_pcw_AMY_s5",0.0721361294193509,0.32096494286455,0.000184752043377229,0,0.606714175672722
"225","263195015_37_pcw_V1C_s5",0.34752490441474,0.141469448959235,0.0112213283276538,0,0.499784318298371
"226","263195015_37_pcw_MFC_s5",0.327565043505126,0.182107579263412,0.00502176525248575,0,0.485305611978976
"227","263195015_37_pcw_MD_s5",0,0.322721854757513,0.0101301289677204,0,0.667148016274766
"228","263195015_37_pcw_CBC_s5",0.18219840489741,0.184008113612073,0.010340548604186,0,0.623452932886331
"229","263195015_37_pcw_STR_s5",0,0.387043439869224,0,0,0.612956560130776
"230","263195015_37_pcw_IPC_s5",0.401036218221944,0.160404511640747,0.0123842588477191,0,0.42617501128959
"231","263195015_37_pcw_ITC_s5",0.45365920865121,0.103358900433699,0.00794178307785997,0,0.435040107837232
"232","263195015_37_pcw_S1C_s5",0.23978842288313,0.218706941779943,0.0205621952132654,0,0.520942440123661
"233","263195015_37_pcw_DFC_s5",0.45128416732812,0.0957845939411344,0.00795722872803508,0,0.44497401000271
"234","263195015_37_pcw_STC_s5",0.439975063932347,0.105733190053421,0.0103264120431563,0,0.443965333971076
"235","263195015_37_pcw_M1C_s5",0.16604515920604,0.228900603979685,0.00864744547726846,0,0.596406791337006
"236","263195015_37_pcw_VFC_s5",0.315356214722126,0.171118010490799,0,0,0.513525774787076
"237","263195015_37_pcw_HIP_s5",0,0.319275440117262,0,0,0.680724559882738
"238","12296_4_mos_STC_s6",0.840917552735175,0.0233432832795704,0,0,0.135739163985255
"239","12296_4_mos_STR_s6",0.576511761261275,0,0,0.107672942756378,0.315815295982347
"240","12296_4_mos_V1C_s6",0.857017766063001,0.0165011718315374,0,0,0.126481062105462
"241","12296_4_mos_CBC_s6",0.524096726425077,0.0455666279474637,0,0.0532472292004008,0.377089416427058
"242","12296_4_mos_HIP_s6",0.680278619463815,0.12762346085684,0,0,0.192097919679345
"243","12296_4_mos_MD_s6",0.77615127046798,0.0192331284410871,0,0.0350411506629542,0.169574450427979
"244","12296_4_mos_ITC_s6",0.830208674799616,0.0517698679430564,0,0,0.118021457257328
"245","12296_4_mos_AMY_s6",0.604905037680004,0.142915791789818,0,0.031849595381613,0.220329575148565
"246","12296_4_mos_MFC_s6",0.838210735762583,0.0219771406035851,0,0,0.139812123633832
"247","12889_4_mos_M1C_s6",0.0401182973093894,0.625687359962034,0,0.00464606560585651,0.32954827712272
"248","12889_4_mos_DFC_s6",0.155099005691765,0.452770512549369,0,0.00739329265178884,0.384737189107077
"249","12889_4_mos_OFC_s6",0.0528709736102287,0.62882725487282,0,0,0.318301771516951
"250","12889_4_mos_A1C_s6",0.0717554118226937,0.530027685323552,0,0,0.398216902853754
"251","12889_4_mos_STC_s6",0.183656063236572,0.427734811900226,0,0.036830216529983,0.35177890833322
"252","12889_4_mos_VFC_s6",0.146756577372251,0.494940689681237,0,0,0.358302732946512
"253","12889_4_mos_ITC_s6",0.292289600256506,0.380525007245392,0,0,0.327185392498103
"254","12889_4_mos_AMY_s6",0.00379062061871858,0.494822432612449,0,0.00975744227849057,0.491629504490342
"255","12890_4_mos_M1C_s6",0.613398791901581,0.129948764310523,0,0.0368999275914417,0.219752516196455
"256","12890_4_mos_MD_s6",0.733159213778583,0.0517383888942605,0,0.0303190634056173,0.18478333392154
"257","12890_4_mos_OFC_s6",0.70531323371512,0.0927280715264139,0,0,0.201958694758467
"258","12890_4_mos_STR_s6",0.270943649165625,0.351546099952546,0,0.0587369163691084,0.31877333451272
"259","12890_4_mos_STC_s6",0.624461740713819,0.163346388609519,0,0,0.212191870676662
"260","12890_4_mos_A1C_s6",0.612274599872058,0.175497271207069,0,0,0.212228128920874
"261","12890_4_mos_HIP_s6",0.210765713262847,0.43354496148651,0,0.0945923416302951,0.261096983620348
"262","12890_4_mos_AMY_s6",0.500882105494672,0.320148444315239,0,0,0.178969450190089
"263","12890_4_mos_MFC_s6",0.736584220519928,0.113063776180912,0,0,0.15035200329916
"264","12890_4_mos_V1C_s6",0.790021179720307,0.069099305421472,0,0,0.140879514858221
"265","12890_4_mos_ITC_s6",0.728586966858473,0.0948690376433117,0,0,0.176543995498216
"266","12890_4_mos_S1C_s6",0.736874311682522,0.0704500869017277,0,0,0.19267560141575
"267","12890_4_mos_IPC_s6",0.7345256756811,0.0834096941258493,0,0,0.182064630193051
"268","12890_4_mos_CBC_s6",0.584533041282246,0.0585374264649069,0,0.0461794349024111,0.310750097350436
"269","12890_4_mos_DFC_s6",0.767152670140916,0.0868293970168761,0,0,0.146017932842208
"270","12890_4_mos_VFC_s6",0.683958579717896,0.133312773213386,0,0,0.182728647068718
"271","12977_10_mos_S1C_s7",0.779953668368597,0,0,0.0146405422271112,0.205405789404292
"272","12977_10_mos_IPC_s7",0.71663303664315,0.029681648902298,0,0.021723352612004,0.231961961842548
"273","12977_10_mos_STC_s7",0.647228077611835,0.10437446916337,0,0.0414036763497556,0.206993776875039
"274","12977_10_mos_DFC_s7",0.762174788688314,0.0190173189082656,0,0.0141117326517744,0.204696159751646
"275","12977_10_mos_OFC_s7",0.636174644125774,0.115594555828062,0,0.0469555617679732,0.20127523827819
"276","12977_10_mos_MFC_s7",0.69422931157827,0.137330245448113,0,0,0.168440442973617
"277","12977_10_mos_CBC_s7",0.64125514458604,0.0843656644556404,0.00224916782400911,0.0833775373235209,0.188752485810789
"278","12977_10_mos_ITC_s7",0.700766324228461,0.096646407985623,0,0.00909169084726492,0.193495576938651
"279","12977_10_mos_MD_s7",0.606850070083769,0.0754422423360864,0,0.100344401700699,0.217363285879446
"280","12977_10_mos_V1C_s7",0.823374938929466,0.0411055338397276,0,0.00115546105567907,0.134364066175128
"281","12830_1_yrs_AMY_s7",0.670603661951606,0.110671773479391,0,0.0968198353707354,0.121904729198267
"282","12830_1_yrs_M1C_s7",0.860014702075157,0,0,0.0267690844039758,0.113216213520868
"283","12830_1_yrs_DFC_s7",0.880669716242296,0.0105472262730925,0,0,0.108783057484612
"284","12830_1_yrs_STC_s7",0.854412462843301,0,0,0.053183970667309,0.0924035664893898
"285","12830_1_yrs_V1C_s7",0.896572634527565,0,0,0.025105821999782,0.0783215434726527
"286","12830_1_yrs_MFC_s7",0.704098720877793,0.0386927211328868,0,0.142510702548026,0.114697855441294
"287","12830_1_yrs_OFC_s7",0.728569959765747,0.0401043523697335,0,0.0916225176862578,0.139703170178262
"288","12830_1_yrs_ITC_s7",0.860702188238382,0.0218259018789796,0,0.0304419392778815,0.0870299706047571
"289","12830_1_yrs_S1C_s7",0.842870835002315,0,0,0.0449816175173183,0.112147547480367
"290","12830_1_yrs_VFC_s7",0.848355187748046,0,0,0.0557368063433472,0.0959080059086066
"291","12830_1_yrs_CBC_s7",0.662580071577183,0.0276521156935113,0,0.0889259358638708,0.220841876865435
"292","12830_1_yrs_A1C_s7",0.885364050187178,0,0,0.0269555336441247,0.0876804161686977
"293","12830_1_yrs_MD_s7",0.708378325101968,0.111501638640172,0,0.0564075193884485,0.123712516869411
"294","12830_1_yrs_HIP_s7",0.652546078007993,0.0554491642539737,0,0.149695764151399,0.142308993586635
"295","12830_1_yrs_IPC_s7",0.893994414580461,0,0,0.0134228667565046,0.0925827186630347
"296","12830_1_yrs_STR_s7",0.587773657008831,0.142639511307455,0,0.0784043390021651,0.191182492681549
"297","12979_2_yrs_VFC_s8",0,0.363209105333055,0,0.171435501414866,0.465355393252079
"298","12979_2_yrs_IPC_s8",0,0.502897710526409,0,0.0974763886126574,0.399625900860933
"299","12979_2_yrs_S1C_s8",0,0.359240387003043,0,0.187079962263733,0.453679650733224
"300","12979_2_yrs_ITC_s8",0,0.471815838717599,0,0.079496749830388,0.448687411452013
"301","12979_2_yrs_MD_s8",0,0.391924927837156,0,0.165119473746788,0.442955598416056
"302","12979_2_yrs_DFC_s8",0,0.427321521962767,0,0.142293446219523,0.43038503181771
"303","12979_2_yrs_MFC_s8",0,0.434971594738854,0,0.140839351020321,0.424189054240826
"304","12979_2_yrs_CBC_s8",0.151059866487329,0.262602612344854,0,0.18008630870549,0.406251212462326
"305","12979_2_yrs_HIP_s8",0,0.222958609419193,0,0.323127946356835,0.453913444223972
"306","12979_2_yrs_OFC_s8",0,0.396578652263865,0,0.172607442115506,0.430813905620629
"307","12979_2_yrs_V1C_s8",0,0.355874271823728,0,0.193922860568097,0.450202867608175
"308","12979_2_yrs_STC_s8",0,0.487579587913785,0,0.0746034505940974,0.437816961492117
"309","12836_3_yrs_STR_s8",0,0.187572268412436,0,0.416619340592824,0.39580839099474
"310","12836_3_yrs_STC_s8",0.22612443583827,0.396245067125706,0,0.0222209303415299,0.355409566694494
"311","12836_3_yrs_IPC_s8",0.261535849208192,0.295785346459584,0,0.0846458986390878,0.358032905693136
"312","12836_3_yrs_ITC_s8",0.160705266910719,0.512353454794239,0,0.00779312718083309,0.319148151114209
"313","12836_3_yrs_CBC_s8",0.558086993870116,0.0981506827524271,0,0.0936789189576576,0.250083404419799
"314","12836_3_yrs_AMY_s8",0,0.221035151157221,0,0.270202756225137,0.508762092617643
"315","12836_3_yrs_VFC_s8",0.268705794551031,0.369972158687147,0,0,0.361322046761822
"316","12836_3_yrs_M1C_s8",0.213771155672197,0.471642558829849,0,0.000335691586311607,0.314250593911642
"317","12836_3_yrs_A1C_s8",0.277669439051918,0.339438078278919,0,0,0.382892482669164
"318","12836_3_yrs_MD_s8",0,0.228340585804004,0,0.348989956773018,0.422669457422978
"319","12836_3_yrs_V1C_s8",0.195854996116974,0.391186141355152,0,0.0788291234591833,0.334129739068691
"320","12980_3_yrs_OFC_s8",0.0875080134172237,0.486383042188269,0,0.123677723828686,0.302431220565822
"321","12980_3_yrs_MFC_s8",0,0.575058944737683,0,0.0727518856744173,0.3521891695879
"322","12980_3_yrs_M1C_s8",0,0.555181276224731,0,0.0964767182986647,0.348342005476604
"323","12980_3_yrs_S1C_s8",0,0.537657422835694,0,0.0935128111555582,0.368829766008748
"324","12980_3_yrs_STC_s8",0.0122925302546372,0.566085869204808,0,0.100074554398204,0.321547046142351
"325","12980_3_yrs_IPC_s8",0,0.565146143819136,0,0.0918786669518361,0.342975189229028
"326","12980_3_yrs_A1C_s8",0.0191412311764281,0.454687730706438,0,0.177021493179853,0.349149544937282
"327","12980_3_yrs_CBC_s8",0.67462024501325,0.0362327601723616,0,0.0751727487368434,0.213974246077545
"328","12980_3_yrs_V1C_s8",0.00534226122979801,0.478700899444377,0,0.143990663310426,0.371966176015399
"329","12980_3_yrs_AMY_s8",0,0.459606730644944,0,0.236233731042197,0.304159538312859
"330","12980_3_yrs_VFC_s8",0.0291994891723782,0.383021955225896,0,0.280788943854794,0.306989611746932
"331","12980_3_yrs_DFC_s8",0.0686207440007641,0.462213086282144,0,0.211314158820035,0.257852010897056
"332","12980_3_yrs_HIP_s8",0,0.216380847356258,0,0.494848011705937,0.288771140937805
"333","12980_3_yrs_ITC_s8",0.0355888428608802,0.635206285123558,0,0.0447327236851942,0.284472148330368
"334","12298_4_yrs_AMY_s8",0.466082240638504,0.0876635516198294,0,0.170792553930389,0.275461653811278
"335","12298_4_yrs_STR_s8",0.347923382277249,0.0913059343081975,0,0.303037369103574,0.25773331431098
"336","12298_4_yrs_VFC_s8",0.612950099851948,0.063117655734524,0,0.116250126862964,0.207682117550564
"337","12298_4_yrs_DFC_s8",0.503585058253349,0.0543816603615917,0,0.144492968602053,0.297540312783007
"338","12298_4_yrs_STC_s8",0.547372280834704,0.0627926425427702,0,0.124343442563603,0.265491634058923
"339","12298_4_yrs_CBC_s8",0.579317818651911,0.0900142977094402,0,0.106492817473535,0.224175066165113
"340","12298_4_yrs_MD_s8",0.573352904987123,0.082880229335147,0,0.127825279510966,0.215941586166763
"341","12841_8_yrs_ITC_s9",0.477820507178151,0.216711499441225,0,0.0804656065458312,0.225002386834793
"342","12841_8_yrs_S1C_s9",0.540687836224106,0.133498998633009,0,0.0797530023630172,0.246060162779868
"343","12841_8_yrs_IPC_s9",0.523034823997505,0.171430084014862,0,0.0161725503095716,0.289362541678061
"344","12841_8_yrs_V1C_s9",0.528415410958483,0.211603044677129,0,0.0430756248946772,0.216905919469711
"345","12841_8_yrs_STC_s9",0.58901737052738,0.155939713693794,0.00103240137595699,0.0320306379435114,0.221979876459357
"346","12841_8_yrs_MD_s9",0.53187399259457,0.109133668502588,0,0.149637657460737,0.209354681442106
"347","12841_8_yrs_VFC_s9",0.523181748214666,0.210178375072773,0,0.0236657490641828,0.242974127648378
"348","12841_8_yrs_HIP_s9",0.497570670795744,0.101237903021272,0,0.207855476887448,0.193335949295536
"349","12841_8_yrs_AMY_s9",0.400590402418881,0.13963463845063,0,0.244055486555976,0.215719472574513
"350","12841_8_yrs_M1C_s9",0.514073438499483,0.0944963621115982,0,0.123362004802904,0.268068194586015
"351","12841_8_yrs_CBC_s9",0.442395978100649,0.139039212800277,0,0.0955044620916276,0.323060347007446
"352","12841_8_yrs_DFC_s9",0.488760540932259,0.205697841077061,0,0.106341448849857,0.199200169140822
"353","12841_8_yrs_STR_s9",0.319553992680918,0.19473985761646,0,0.185739656575909,0.299966493126712
"354","12841_8_yrs_A1C_s9",0.579801416566592,0.121339606413662,0,0.0902197715858,0.208639205433945
"355","12841_8_yrs_MFC_s9",0.450829398223153,0.238286736046391,0,0.0539811813480196,0.256902684382437
"356","12841_8_yrs_OFC_s9",0.526092288965534,0.202998040670357,0,0.0847888251499403,0.186120845214168
"357","12981_8_yrs_MFC_s9",0.795999498158559,0.0120751094954194,0,0.043802069510913,0.148123322835108
"358","12981_8_yrs_CBC_s9",0.559761590406076,0.12498038616636,0,0.141814699612041,0.173443323815523
"359","12981_8_yrs_A1C_s9",0.565925360716032,0.06059675609871,0,0.250301217827703,0.123176665357556
"360","12981_8_yrs_VFC_s9",0.750539929516566,0,0,0.117700375651847,0.131759694831587
"361","12981_8_yrs_HIP_s9",0.574381253955354,0.0992005334319853,0.00362982482744058,0.175599251623311,0.147189136161909
"362","12981_8_yrs_AMY_s9",0.516524667836099,0.11788890141407,0,0.255581042306443,0.110005388443388
"363","12981_8_yrs_V1C_s9",0.764887059092513,0,0,0.0922156289414708,0.142897311966016
"364","12981_8_yrs_IPC_s9",0.522096119134529,0.0390915648526874,0,0.312405199790594,0.12640711622219
"365","12981_8_yrs_DFC_s9",0.786066216919582,0.0151032146074392,0,0.0649161617558199,0.133914406717159
"366","12981_8_yrs_STC_s9",0.8240034576776,0.00954431572013299,0,0.0314142808904782,0.135037945711789
"367","12981_8_yrs_ITC_s9",0.693471576211514,0.0703971935854084,0,0.134374082629669,0.101757147573409
"368","12289_11_yrs_VFC_s9",0.765074572450882,0.017791677571543,0,0.088956365354783,0.128177384622792
"369","12289_11_yrs_IPC_s9",0.685944796260771,0,0,0.193270249813004,0.120784953926225
"370","12289_11_yrs_ITC_s9",0.725012087183608,0.0320628308257676,0,0.0957750053588805,0.147150076631744
"371","12289_11_yrs_STC_s9",0.668682362836183,0.0591272192189428,0,0.0845428112515398,0.187647606693334
"372","12289_11_yrs_S1C_s9",0.683957726681515,0,0,0.217608317654669,0.0984339556638163
"373","12289_11_yrs_DFC_s9",0.814201246104401,0.00962465397429818,0,0.0666770770400441,0.109497022881257
"374","12289_11_yrs_AMY_s9",0.605135862814316,0.127080923627226,0,0.147378566372887,0.12040464718557
"375","12289_11_yrs_V1C_s9",0.621576852279811,0,0,0.263970465306166,0.114452682414023
"376","12289_11_yrs_CBC_s9",0.726398102570608,0.0504296963601908,0,0.136450727823324,0.0867214732458773
"377","12289_11_yrs_A1C_s9",0.799284618870017,0,0,0.117001234566709,0.0837141465632739
"378","12289_11_yrs_HIP_s9",0.583050127598801,0.0344575244158532,0,0.219250080362562,0.163242267622783
"379","12289_11_yrs_M1C_s9",0.606734596384797,0,0,0.26133821573998,0.131927187875222
"380","12289_11_yrs_OFC_s9",0.564834713010285,0.0113981858380227,0,0.325898343331757,0.097868757819935
"381","12289_11_yrs_MFC_s9",0.727070215557061,0.0420478199532446,0,0.128381605126507,0.102500359363187
"382","12831_13_yrs_MFC_s10",0.444041200736243,0.229861541662273,0,0.173652019193334,0.15244523840815
"383","12831_13_yrs_IPC_s10",0.552949001008823,0.181993446455062,0,0.088915271038984,0.176142281497131
"384","12831_13_yrs_VFC_s10",0.550151106001231,0.14245331975619,0,0.156550414018309,0.150845160224271
"385","12831_13_yrs_A1C_s10",0.555636146538794,0.177473431650007,0,0.119575289577954,0.147315132233245
"386","12831_13_yrs_ITC_s10",0.512513026811716,0.149463049547388,0,0.163790327928485,0.17423359571241
"387","12831_13_yrs_STC_s10",0.608801682482926,0.173425619810927,0,0.0227996025406524,0.194973095165494
"388","12831_13_yrs_CBC_s10",0.54881248405498,0.134786330510205,0,0.145564595536453,0.170836589898363
"389","12831_13_yrs_V1C_s10",0.374680934096631,0.17183981999364,0,0.277572158859895,0.175907087049834
"390","12831_13_yrs_S1C_s10",0.594679708012201,0.178318413709867,0,0.0428404661687949,0.184161412109137
"391","12831_13_yrs_DFC_s10",0.61321690851771,0.189529601518522,0,0.0565955873329609,0.140657902630807
"392","12831_13_yrs_OFC_s10",0.563088797305183,0.197952099814735,0,0.0897735852820898,0.149185517597992
"393","12831_13_yrs_MD_s10",0.0964468987039137,0.390038360995581,0,0.135634355286499,0.377880385014006
"394","12831_13_yrs_AMY_s10",0.285147796406847,0.290116813526524,0,0.229086761241484,0.195648628825144
"395","12831_13_yrs_M1C_s10",0.647361827736835,0.147725344923131,0,0.0547351708714431,0.150177656468591
"396","12831_13_yrs_HIP_s10",0.0958845107602346,0.395109259589602,0,0.215773373392947,0.293232856257217
"397","12831_13_yrs_STR_s10",0.184461863774986,0.275910847474437,0,0.323592103947265,0.216035184803312
"398","12299_15_yrs_IPC_s10",0.766751524549523,0,0,0.153404462697236,0.0798440127532407
"399","12299_15_yrs_CBC_s10",0.627096774031197,0.0016622266578387,0,0.175750433589705,0.195490565721259
"400","12299_15_yrs_STC_s10",0.81993076434195,0,0,0.103302975093033,0.076766260565017
"401","12299_15_yrs_ITC_s10",0.785946590794827,0.0258459239147095,0,0.112847035168504,0.0753604501219592
"402","12299_15_yrs_AMY_s10",0.513012531561804,0.136406409867091,0,0.274038971897971,0.0765420866731342
"403","12984_18_yrs_HIP_s10",0,0.207470419716794,0,0.473000482566312,0.319529097716893
"404","12984_18_yrs_M1C_s10",0.0305507340669829,0.330242593890187,0,0.293162250182138,0.346044421860692
"405","12984_18_yrs_V1C_s10",0.0764978622367943,0.585173826930362,0,0.0940383369872765,0.244289973845567
"406","12984_18_yrs_A1C_s10",0.013198660763365,0.401550263364944,0,0.257473109014374,0.327777966857317
"407","12984_18_yrs_ITC_s10",0.140222866421321,0.40806902604192,0,0.202773573028205,0.248934534508554
"408","12984_18_yrs_VFC_s10",0.287202430182455,0.405429553862399,0,0.0805434684205504,0.226824547534596
"409","12984_18_yrs_MFC_s10",0.0717888660723893,0.551845621958473,0,0.0660123958025651,0.310353116166573
"410","12984_18_yrs_STC_s10",0.0527151278299972,0.466647647983599,0,0.119828843127219,0.360808381059185
"411","12984_18_yrs_DFC_s10",0.387716489218494,0.409345224907279,0,0.0468251791080586,0.156113106766168
"412","12984_18_yrs_S1C_s10",0.0699769496068411,0.274699078123257,0,0.342612801586811,0.312711170683091
"413","12984_18_yrs_IPC_s10",0.214594658619336,0.52024631469463,0,0.014306099921266,0.250852926764768
"414","12984_18_yrs_OFC_s10",0.286639435466113,0.353640008707771,0,0.109507789031416,0.2502127667947
"415","12984_18_yrs_CBC_s10",0.466783019990614,0.0799165497859616,0,0.183928692217633,0.269371738005792
"416","12832_19_yrs_STC_s10",0.776662630773819,0.0105177579167461,0,0.102460550463034,0.110359060846401
"417","12832_19_yrs_CBC_s10",0.665234513931565,0.00285255888181135,0,0.171559327839021,0.160353599347603
"418","12832_19_yrs_DFC_s10",0.670318525639199,0.0889365440159214,0,0.113035583951863,0.127709346393017
"419","12832_19_yrs_AMY_s10",0.499530167951175,0.136628015389614,0,0.18044717618808,0.183394640471132
"420","12832_19_yrs_OFC_s10",0.652392485679978,0.083638677496225,0,0.159816133731885,0.104152703091912
"421","12832_19_yrs_ITC_s10",0.557727284143736,0.0503910969541963,0,0.246359757322314,0.145521861579754
"422","12832_19_yrs_STR_s10",0.280884667730533,0.142778772940032,0,0.452151223307018,0.124185336022417
"423","12832_19_yrs_S1C_s10",0.715397087694403,4.54941369433487e-05,0,0.193046511358501,0.0915109068101527
"424","12832_19_yrs_M1C_s10",0.582313102175159,0,0,0.281335723702884,0.136351174121957
"425","12832_19_yrs_HIP_s10",0.599922995735705,0.126412352372044,0,0.141508965162551,0.1321556867297
"426","12832_19_yrs_A1C_s10",0.692121170497462,0,0,0.212782839201138,0.0950959903014002
"427","12832_19_yrs_V1C_s10",0.756028350266201,0,0,0.123011272298285,0.120960377435514
"428","12832_19_yrs_IPC_s10",0.76674860919709,0.0454310182649003,0,0.0932032491666207,0.0946171233713893
"429","12832_19_yrs_VFC_s10",0.62247537149826,0.0346735159765826,0,0.226101779254016,0.116749333271142
"430","12832_19_yrs_MFC_s10",0.732951197127242,0.0782632389814767,0,0.0915830127098415,0.0972025511814403
"431","12832_19_yrs_MD_s10",0.617923187173787,0,0,0.219965848844817,0.162110963981396
"432","13057_21_yrs_MFC_s11",0.592635863180848,0.0720920383474465,0,0.250192420471036,0.085079678000669
"433","13057_21_yrs_M1C_s11",0.667455654942379,0,0,0.237118608513721,0.0954257365439
"434","13057_21_yrs_A1C_s11",0.817049491077912,0,0,0.0722573535261136,0.110693155395975
"435","13057_21_yrs_DFC_s11",0.636502684536506,0.0672104509026108,0,0.214508875713541,0.0817779888473421
"436","13057_21_yrs_AMY_s11",0.583399524818059,0.0542262016685263,0,0.274200947990743,0.0881733255226714
"437","13057_21_yrs_MD_s11",0.523262563758071,0,0,0.349918574375381,0.126818861866549
"438","13057_21_yrs_V1C_s11",0.764423733105021,0,0,0.160282076778879,0.0752941901160998
"439","13057_21_yrs_STC_s11",0.721830519081927,0.0354412960056485,0,0.164659930086404,0.0780682548260204
"440","13057_21_yrs_VFC_s11",0.718147164465231,0.0141951976682465,0,0.199920552880799,0.0677370849857235
"441","13057_21_yrs_CBC_s11",0.713508502150704,0.0473322395422211,0,0.134794879613602,0.104364378693473
"442","13057_21_yrs_S1C_s11",0.776544156542219,0,0,0.146975774937811,0.0764800685199696
"443","13057_21_yrs_ITC_s11",0.815669470016972,0.0505162829724564,0,0.0683618998891473,0.0654523471214242
"444","13057_21_yrs_IPC_s11",0.616185445208792,0,0,0.309636790056322,0.0741777647348853
"445","13057_21_yrs_HIP_s11",0.501625398475174,0.182246177940418,0,0.154237799098133,0.161890624486275
"446","13057_21_yrs_STR_s11",0.174337966729612,0.12228631856934,0,0.515843397921893,0.187532316779155
"447","13057_21_yrs_OFC_s11",0.704536851937841,0.0960877975636155,0,0.109287222068955,0.0900881284295889
"448","12300_23_yrs_ITC_s11",0.375594088719736,0.301187447959846,0,0.17506062845728,0.148157834863138
"449","12300_23_yrs_AMY_s11",0.0475535645240052,0.342002274801546,0,0.397312367939687,0.213131792734762
"450","12300_23_yrs_OFC_s11",0.367384442183369,0.166476909272765,0,0.340735040795782,0.125403607748084
"451","12300_23_yrs_MD_s11",0,0.367563620325021,0,0.40861009070912,0.223826288965859
"452","12300_23_yrs_STC_s11",0.363537584910898,0.180048589854164,0,0.318964272839032,0.137449552395906
"453","12300_23_yrs_VFC_s11",0.438721301453746,0.163857188298312,0,0.244257648384278,0.153163861863663
"454","12300_23_yrs_MFC_s11",0.479330380325832,0.174920200246983,0,0.220974252348757,0.124775167078428
"455","12300_23_yrs_M1C_s11",0.452094798250474,0.253794099789295,0,0.144640234954878,0.149470867005354
"456","12300_23_yrs_HIP_s11",0.104154878310997,0.227740142775743,0,0.442074337766972,0.226030641146287
"457","12300_23_yrs_CBC_s11",0.522891223187896,0.143610252879141,0,0.158346906470976,0.175151617461986
"458","12300_23_yrs_S1C_s11",0.452873175122623,0.177445385503353,0,0.231359048192905,0.138322391181119
"459","12300_23_yrs_A1C_s11",0.385138902691367,0.167741598219984,0,0.287038213920963,0.160081285167686
"460","12300_23_yrs_IPC_s11",0.498483829165854,0.167725890405756,0,0.199641304106718,0.134148976321672
"461","12300_23_yrs_STR_s11",0.0930308268047008,0.338908103399346,0,0.331687836605967,0.236373233189986
"462","12290_30_yrs_ITC_s12",0.796864124189944,0,0,0.0498930221212935,0.153242853688762
"463","12290_30_yrs_STR_s12",0.259836351453797,0.0597109956473868,0,0.426162631126026,0.254290021772791
"464","12290_30_yrs_MFC_s12",0.762046975635108,0,0,0.0880406487839761,0.149912375580916
"465","12290_30_yrs_OFC_s12",0.727129081274339,0.0263805725693058,0,0.114038667881627,0.132451678274729
"466","12290_30_yrs_IPC_s12",0.779314920322591,0,0,0.0714682110536715,0.149216868623738
"467","12290_30_yrs_STC_s12",0.757792500357881,0,0,0.10590405585797,0.136303443784149
"468","12290_30_yrs_S1C_s12",0.727806537864102,0,0,0.119512971491103,0.152680490644795
"469","12290_30_yrs_MD_s12",0.596345882271579,0,0,0.194117753630159,0.209536364098262
"470","12290_30_yrs_HIP_s12",0.590409865487836,0.0192319489623626,0,0.190401892647353,0.199956292902449
"471","12290_30_yrs_A1C_s12",0.573497409716934,0,0,0.212243223448669,0.214259366834397
"472","12290_30_yrs_V1C_s12",0.77570812876814,0,0,0.0899162708938847,0.134375600337975
"473","12290_30_yrs_DFC_s12",0.668640984806989,0.0074498123165078,0,0.210703056155951,0.113206146720552
"474","12290_30_yrs_AMY_s12",0.486607484369268,0.10947664459998,0,0.263915149622792,0.14000072140796
"475","12290_30_yrs_M1C_s12",0.725459047820737,0,0,0.125721721068512,0.148819231110751
"476","12290_30_yrs_VFC_s12",0.576410614416041,0,0,0.236254259771459,0.1873351258125
"477","12290_30_yrs_CBC_s12",0.686528950097425,0,0,0.126304181580648,0.187166868321927
"478","12302_36_yrs_M1C_s12",0.727515072391808,0.00706405226391552,0,0.118811688850298,0.146609186493979
"479","12302_36_yrs_STC_s12",0.788777916946606,0.000837379326932852,0,0.0993365343007446,0.111048169425717
"480","12302_36_yrs_MFC_s12",0.85785526640223,0.0268890239020073,0,0.00892667681109637,0.106329032884666
"481","12302_36_yrs_ITC_s12",0.682507399617863,0.128293120854321,0,0.0575105926763921,0.131688886851425
"482","12302_36_yrs_IPC_s12",0.862666707486429,0.00269081308095714,0,0.0456426526681604,0.0889998267644535
"483","12302_36_yrs_AMY_s12",0.425145707799498,0.221137442506316,0,0.195585141560468,0.158131708133718
"484","12302_36_yrs_OFC_s12",0.800905703269483,0.0316357962544976,0,0.0895338543652983,0.0779246461107216
"485","12302_36_yrs_VFC_s12",0.765810829640145,0,0,0.150170365674906,0.0840188046849495
"486","12302_36_yrs_DFC_s12",0.829665902606356,0.020258680777203,0,0.0534283407650744,0.0966470758513666
"487","12302_36_yrs_A1C_s12",0.754300666514573,0,0,0.151281340351925,0.0944179931335023
"488","12302_36_yrs_V1C_s12",0.839755854448164,0,0,0.0855419267762005,0.0747022187756358
"489","12302_36_yrs_CBC_s12",0.747588913608278,0,0,0.110290759080879,0.142120327310844
"490","12302_36_yrs_S1C_s12",0.815125541904975,0.0339875772829376,0,0.0561696637576511,0.0947172170544361
"491","12302_36_yrs_HIP_s12",0.520368671495787,0.134769370888087,0,0.123216230062803,0.221645727553323
"492","12302_36_yrs_STR_s12",0.273060911041306,0.175683083970421,0,0.37999818163693,0.171257823351343
"493","12302_36_yrs_MD_s12",0.616884033179526,0.019662141967128,0,0.135475660106551,0.227978164746796
"494","12303_37_yrs_S1C_s12",0.761252628749888,0.0234393638647718,0,0.1023681193732,0.11293988801214
"495","12303_37_yrs_V1C_s12",0.584641437031219,0.0025644022142904,0,0.315123962307692,0.0976701984467979
"496","12303_37_yrs_CBC_s12",0.514063904274022,0.0448590651712603,0,0.196465151311206,0.244611879243511
"497","12303_37_yrs_HIP_s12",0.656728607369229,0.0741901816590127,0,0.182547934416441,0.0865332765553173
"498","12303_37_yrs_IPC_s12",0.638087408073548,0.0834572933912583,0,0.132620260048987,0.145835038486206
"499","12303_37_yrs_MD_s12",0.680439387354237,0,0,0.126164497926148,0.193396114719616
"500","12303_37_yrs_DFC_s12",0.59975995486679,0.0565315627839092,0,0.300229063926282,0.0434794184230184
"501","12303_37_yrs_VFC_s12",0.660028359413129,0.0307542284849749,0,0.230553906570405,0.0786635055314901
"502","12303_37_yrs_ITC_s12",0.730043514637677,0.0786599015223602,0,0.12329937400928,0.0679972098306822
"503","12303_37_yrs_A1C_s12",0.664350678650376,0.0529824134479856,0,0.1807328378616,0.101934070040038
"504","12303_37_yrs_M1C_s12",0.721489168913227,0.0257327337602076,0,0.182359524475051,0.0704185728515142
"505","12303_37_yrs_OFC_s12",0.565602036596795,0.0895264067950151,0,0.246638190381295,0.0982333662268953
"506","12303_37_yrs_STR_s12",0.293646625839393,0.159610696855759,0,0.390915227796383,0.155827449508465
"507","12303_37_yrs_STC_s12",0.702619636769528,0.0474109318962154,0,0.0859836407533233,0.163985790580933
"508","12303_37_yrs_AMY_s12",0.427663226787635,0.184276916835506,0,0.262750178477174,0.125309677899686
"509","12303_37_yrs_MFC_s12",0.837917214291182,0.0682661293628938,0,0.0695296764404814,0.0242869799054431
"510","12304_40_yrs_DFC_s13",0.707364214250201,0.00144527483823619,0,0.0675167540389012,0.223673756872662
"511","12304_40_yrs_ITC_s13",0.651994638479618,0.0499389771602401,0,0.129017357866238,0.169049026493904
"512","12304_40_yrs_VFC_s13",0.784541638882158,0,0,0.114679065599247,0.100779295518595
"513","12304_40_yrs_MD_s13",0.325390157443211,0.0158155259549124,0,0.367023269178434,0.291771047423443
"514","12304_40_yrs_AMY_s13",0.534536802243455,0.0684751222354837,0,0.127749646589136,0.269238428931926
"515","12304_40_yrs_A1C_s13",0.680437841241791,0.00807739512751604,0,0.0668190617689732,0.24466570186172
"516","12304_40_yrs_CBC_s13",0.53698001236269,0,0,0.0438124472807762,0.419207540356533
"517","12304_40_yrs_V1C_s13",0.712298930995571,0,0,0.0971701867651123,0.190530882239316
"518","12304_40_yrs_OFC_s13",0.843160804425857,0,0,0.0594707930709493,0.0973684025031933
"519","12304_40_yrs_STC_s13",0.778358160888543,0,0,0.111715076450536,0.109926762660921
"520","12304_40_yrs_IPC_s13",0.880359789052365,0,0,0.0346416857465782,0.0849985252010568
"521","12304_40_yrs_M1C_s13",0.640060438898905,0.00241077780797822,0,0.0652899706848871,0.29223881260823
"522","12304_40_yrs_HIP_s13",0.618121948640237,0.0430360533492731,0,0.0931803143880048,0.245661683622485
"523","12304_40_yrs_STR_s13",0.234437788805718,0.0894855975887513,0,0.422132947405222,0.253943666200308
"524","12304_40_yrs_S1C_s13",0.70915912316382,0,0,0.0799649859301576,0.210875890906023
